{
  "weights": [
    -0.23116545379161835,
    -0.2786200940608978,
    0.00884524267166853,
    0.08170483261346817,
    0.03118327260017395,
    2.031679391860962,
    0.025232337415218353,
    -0.04786545783281326,
    -0.01729718968272209,
    -1.4167207479476929,
    -0.03141426295042038,
    -0.07775549590587616,
    0.017091922461986542,
    -0.020777389407157898,
    0.08498754352331161,
    0.11315110325813293,
    0.040475837886333466,
    -0.07142739742994308
  ],
  "bias": 0.6134073734283447,
  "feature_names": [
    "loan_type",
    "loan_purpose",
    "loan_amount_000s",
    "applicant_income_000s",
    "property_type",
    "purchaser_type",
    "owner_occupancy",
    "applicant_ethnicity",
    "preapproval",
    "lien_status",
    "msamd",
    "sequence_number",
    "number_of_owner_occupied_units",
    "number_of_1_to_4_family_units",
    "hud_median_family_income",
    "tract_to_msamd_income",
    "applicant_race_1",
    "applicant_sex"
  ],
  "scaler_mean": [
    1.4414723747551257,
    2.1229450924413693,
    298.2609362876849,
    109.79578880587098,
    1.0381853799891119,
    1.6336959829906166,
    1.0928421702395803,
    2.22485350411303,
    2.8276985464007236,
    1.3539477801640067,
    40068.18322809635,
    112633.98766090971,
    1389.019705679368,
    1822.0218661454114,
    76792.60619076401,
    106.90302468914575,
    4.947604411808833,
    1.6206903203405305
  ],
  "scaler_scale": [
    0.757413412441917,
    0.9663313825705883,
    760.7407166881134,
    116.78607210090789,
    0.20934643748285786,
    2.3249036538213943,
    0.30320647285434404,
    0.6444593305439913,
    0.437316340716864,
    0.9346737484606206,
    7892.2923959374975,
    202082.73731218677,
    506.41880173380804,
    681.5916843601506,
    12951.231839409513,
    29.26120931095671,
    1.1763239657178621,
    0.9142861117331201
  ],
  "num_features": 18
}