{
  "weights": [
    0.01854507438838482,
    0.13687199354171753,
    -0.08353493362665176,
    -0.040228214114904404,
    0.03485926613211632,
    0.07057313621044159,
    0.14501148462295532,
    0.06448020786046982,
    -0.16945601999759674,
    -0.05292412266135216,
    -0.11826170980930328,
    0.07218125462532043,
    0.15789306163787842,
    -0.13801270723342896,
    -0.0541159026324749,
    0.02723652496933937,
    -0.07587165385484695,
    0.16882316768169403,
    0.36927342414855957,
    0.6294814944267273,
    0.011919500306248665,
    0.564391553401947,
    0.6278156042098999,
    0.4416844844818115,
    -0.6791233420372009,
    0.32079437375068665,
    0.13098320364952087,
    0.045767609030008316,
    0.1266210824251175,
    0.14593441784381866,
    -0.019544649869203568,
    -0.006957287434488535,
    0.016547460108995438,
    0.0785248652100563,
    0.06344610452651978,
    0.02829175814986229,
    0.1159394159913063,
    0.270804762840271,
    0.02779918722808361,
    -0.14277055859565735,
    0.008312749676406384,
    -0.014724690467119217,
    0.015288020484149456,
    -0.03546466305851936,
    -0.04827301576733589,
    -0.013079301454126835,
    -0.006319347303360701,
    0.030626438558101654,
    -0.06044864282011986,
    0.003327155252918601,
    -0.038641225546598434,
    0.15477481484413147
  ],
  "bias": 0.7222744822502136,
  "scaler_mean": [
    298.2609362876849,
    109.79578880587098,
    112633.98766090971,
    1389.019705679368,
    1822.0218661454114,
    76792.60619076401,
    106.90302468914575,
    0.7125101271845784,
    0.14307514906787036,
    0.00956777819215288,
    0.1348469455553984,
    0.05108816330379839,
    0.41298337212741604,
    0.5359284645687855,
    0.031086705846546898,
    0.0035493370712825194,
    0.9653639570821706,
    0.00856041803303284,
    0.03918631018976951,
    0.16287084785432285,
    3.8579750774809995e-05,
    0.11104109600785313,
    0.1303802677434704,
    0.04610280217589794,
    0.4721668531354621,
    0.025550511610361665,
    0.004102313499054796,
    0.00385583175799351,
    0.08513050672359324,
    0.9110136615184132,
    0.04839401070802416,
    0.12900211331301467,
    0.7504811752249414,
    0.07212270075401979,
    0.8520145059862914,
    0.12366953442814092,
    0.024315959585567745,
    0.10364235713703956,
    0.011546062079105636,
    0.864882996189178,
    0.019928584594676852,
    0.009627791137802584,
    0.07890845025141138,
    0.02329145287054779,
    0.13359310365521707,
    0.007947428659610858,
    0.07188907892988344,
    0.6747426944955269,
    0.23612950793671206,
    0.08431818863783473,
    0.6075774917160702,
    0.07197481170938302
  ],
  "scaler_scale": [
    760.7407166881134,
    116.78607210090789,
    202082.73731218677,
    506.41880173380804,
    681.5916843601506,
    12951.231839409513,
    29.26120931095671,
    0.45259191977320395,
    0.35014946920861817,
    0.09734595940571258,
    0.341560019366696,
    0.22017757123295464,
    0.49236988786245267,
    0.498707474812369,
    0.17355207450836524,
    0.05947049081382245,
    0.18285619335648354,
    0.09212566024801433,
    0.19403799443274167,
    0.36924779589529966,
    0.006211140183383414,
    0.3141830215101189,
    0.33672132918277,
    0.20970773425753272,
    0.49922471486858205,
    0.15778999640918445,
    0.06391779504183688,
    0.06197551386997576,
    0.2790758025135419,
    0.28472402435556293,
    0.21459736819359132,
    0.335202279338597,
    0.43273453855444927,
    0.25869096773943595,
    0.3550856059814693,
    0.32920416261412583,
    0.15402822369618105,
    0.30479602842576203,
    0.10683047565920069,
    0.34184850312968806,
    0.13975491444213928,
    0.09764782012727899,
    0.26959582105502283,
    0.15082758730990442,
    0.34021461801484004,
    0.08879339523473158,
    0.2583041603623458,
    0.46847090701605254,
    0.4247026764905989,
    0.27786441244367593,
    0.48828995819705207,
    0.25844619979558975
  ],
  "feature_names": [
    "loan_amount_000s",
    "applicant_income_000s",
    "sequence_number",
    "number_of_owner_occupied_units",
    "number_of_1_to_4_family_units",
    "hud_median_family_income",
    "tract_to_msamd_income",
    "loan_type_name_Conventional",
    "loan_type_name_FHA-insured",
    "loan_type_name_FSA/RHS-guaranteed",
    "loan_type_name_VA-guaranteed",
    "loan_purpose_name_Home improvement",
    "loan_purpose_name_Home purchase",
    "loan_purpose_name_Refinancing",
    "property_type_name_Manufactured housing",
    "property_type_name_Multifamily dwelling",
    "property_type_name_One-to-four family dwelling (other than manufactured housing)",
    "purchaser_type_name_Affiliate institution",
    "purchaser_type_name_Commercial bank, savings bank or savings association",
    "purchaser_type_name_Fannie Mae (FNMA)",
    "purchaser_type_name_Farmer Mac (FAMC)",
    "purchaser_type_name_Freddie Mac (FHLMC)",
    "purchaser_type_name_Ginnie Mae (GNMA)",
    "purchaser_type_name_Life insurance company, credit union, mortgage bank, or finance company",
    "purchaser_type_name_Loan was not originated or was not sold in calendar year covered by register",
    "purchaser_type_name_Other type of purchaser",
    "purchaser_type_name_Private securitization",
    "owner_occupancy_name_Not applicable",
    "owner_occupancy_name_Not owner-occupied as a principal dwelling",
    "owner_occupancy_name_Owner-occupied as a principal dwelling",
    "applicant_ethnicity_name_Hispanic or Latino",
    "applicant_ethnicity_name_Information not provided by applicant in mail, Internet, or telephone application",
    "applicant_ethnicity_name_Not Hispanic or Latino",
    "applicant_ethnicity_name_Not applicable",
    "preapproval_name_Not applicable",
    "preapproval_name_Preapproval was not requested",
    "preapproval_name_Preapproval was requested",
    "lien_status_name_Not applicable",
    "lien_status_name_Not secured by a lien",
    "lien_status_name_Secured by a first lien",
    "lien_status_name_Secured by a subordinate lien",
    "applicant_race_name_1_American Indian or Alaska Native",
    "applicant_race_name_1_Asian",
    "applicant_race_name_1_Black or African American",
    "applicant_race_name_1_Information not provided by applicant in mail, Internet, or telephone application",
    "applicant_race_name_1_Native Hawaiian or Other Pacific Islander",
    "applicant_race_name_1_Not applicable",
    "applicant_race_name_1_White",
    "applicant_sex_name_Female",
    "applicant_sex_name_Information not provided by applicant in mail, Internet, or telephone application",
    "applicant_sex_name_Male",
    "applicant_sex_name_Not applicable"
  ]
}